date,ticker,confidence,tags,reason,chart_url
24/07/2025 00:00,GIBO,100,"Bullish Engulfing,RSI Oversold","The stock of GIBO is showing promising signs of a potential reversal and uptrend, as indicated by its RSI entering the oversold territory and the formation of a bullish engulfing pattern. With the price currently near strong support at $0.03 and resistance at $0.08, there is a significant upside potential if the bullish momentum continues.",charts/GIBO_chart.html
24/07/2025 00:00,NCNA,100,Bullish Engulfing,"The recent Bullish Engulfing pattern observed in NCNA's stock indicates a strong potential reversal from its current downtrend, suggesting increased buying interest that could propel the stock towards its resistance level at $0.13. Given that the stock is currently near its support level at $0.04, this presents a favorable risk-reward scenario for investors anticipating upward momentum.",charts/NCNA_chart.html
24/07/2025 00:00,ITUB,100,Hammer,"ITUB's stock recently displayed a hammer signal, a bullish indicator suggesting a potential reversal and upward movement in price. With the current price near support at $6.23 and resistance at $6.92, this could be an opportune moment for investors to consider entering the market, anticipating gains as the stock approaches resistance levels.",charts/ITUB_chart.html
24/07/2025 00:00,ADT,100,Bullish Engulfing,"The stock of ADT has demonstrated a promising bullish signal with the formation of a Bullish Engulfing pattern, indicating potential upward momentum. Given that the price is currently near its support level at $8.29, there is a strong likelihood of appreciation towards the resistance level at $8.8, suggesting a favorable opportunity for investors.",charts/ADT_chart.html
24/07/2025 00:00,MSTU,100,Hammer,"The recent appearance of a hammer candlestick pattern in MSTU's stock chart suggests a potential bullish reversal, especially as it nears its support level at $8.06. This pattern, coupled with the proximity to support, indicates a strong likelihood that MSTU will rebound towards its resistance at $10.76, presenting a promising buying opportunity for investors.",charts/MSTU_chart.html
24/07/2025 00:00,LABD,100,Bullish Engulfing,"The stock ticker LABD is demonstrating strong bullish signals, notably a Bullish Engulfing pattern, which typically indicates a potential reversal or significant upward momentum. With the current price stabilizing near the support level of $5.94 and room to grow before reaching the resistance at $7.42, LABD is well-positioned for an upward trajectory in the near term.",charts/LABD_chart.html
24/07/2025 00:00,VLY,100,Hammer,"The stock ticker VLY shows a promising bullish signal with the detection of a Hammer pattern, indicative of potential upcoming bullish reversal, especially as the price is currently near its support level of $9.07. This positioning suggests a strong base for upward movement, with room to grow towards the resistance level at $9.74.",charts/VLY_chart.html
24/07/2025 00:00,QSI,100,Hammer,"The recent appearance of a hammer signal in QSI's stock chart suggests a potential bullish reversal, indicating strong buying interest near the support level of $1.67. This, combined with the proximity to the resistance level at $1.95, positions QSI for a possible upward trajectory as it approaches a key resistance breakout.",charts/QSI_chart.html
24/07/2025 00:00,IAG,100,Hammer,"The appearance of a hammer candlestick pattern in IAG's recent trading suggests a potential bullish reversal, particularly as the price nears the solid support level of $6.78. This technical signal, coupled with the proximity to support, indicates a strong likelihood of upward momentum towards the resistance at $7.52, offering a favorable entry point for investors.",charts/IAG_chart.html
24/07/2025 00:00,NEOG,100,Bullish Engulfing,"NEOG's recent formation of a Bullish Engulfing pattern suggests a potential reversal from its current downtrend, indicating strong buying interest. With the stock currently near its support level of $4.71 and below the resistance at $5.74, there is ample room for upward movement as investor confidence appears to be increasing.",charts/NEOG_chart.html
,,,,,
,,,,,
,,,,,
,,,,,
